,Randomstate,RMSE,MAPE,MSE,Training RMSE,Feat Corr Num,Feat Permu Num,Feat Corr Name,Feat Permu Name
0,1,7.585140099341846,0.04130473573302911,57.53435032664363,0.9708022551005419,5,4,"['Duration [s]', 'Average Interlayertemperature [°C]', 'Laser Power [W]', 'Scan Speed [mm/s]', 'Hatch Distance [mm]']","['Laser Power [W]' 'Scan Speed [mm/s]' 'Hatch Distance [mm]'
 'Duration [s]']"
1,2,0.5233622639113568,0.0035347845850263833,0.27390805928642065,1.378893775595739,5,5,"['Duration [s]', 'Average Interlayertemperature [°C]', 'Laser Power [W]', 'Scan Speed [mm/s]', 'Hatch Distance [mm]']","['Laser Power [W]' 'Average Interlayertemperature [°C]' 'Duration [s]'
 'Hatch Distance [mm]' 'Scan Speed [mm/s]']"
2,3,0.839319882131804,0.005836507749466009,0.7044578645417453,1.94940266211835,5,3,"['Duration [s]', 'Average Interlayertemperature [°C]', 'Laser Power [W]', 'Scan Speed [mm/s]', 'Hatch Distance [mm]']",['Laser Power [W]' 'Duration [s]' 'Scan Speed [mm/s]']
3,4,3.3783092071485528,0.026391151497807776,11.412973099104683,3.956752147531769,5,2,"['Duration [s]', 'Average Interlayertemperature [°C]', 'Laser Power [W]', 'Scan Speed [mm/s]', 'Hatch Distance [mm]']",['Laser Power [W]' 'Hatch Distance [mm]']
4,5,X,X,X,X,5,0,"['Duration [s]', 'Average Interlayertemperature [°C]', 'Laser Power [W]', 'Scan Speed [mm/s]', 'Hatch Distance [mm]']",X
5,6,0.8097688965554148,0.004344549017408076,0.6557256658285741,0.8795084646117578,5,4,"['Duration [s]', 'Average Interlayertemperature [°C]', 'Laser Power [W]', 'Scan Speed [mm/s]', 'Hatch Distance [mm]']","['Laser Power [W]' 'Scan Speed [mm/s]' 'Hatch Distance [mm]'
 'Average Interlayertemperature [°C]']"
6,7,0.8503592271017097,0.004741691118362074,0.7231108151170171,1.719919641507881,5,4,"['Duration [s]', 'Average Interlayertemperature [°C]', 'Laser Power [W]', 'Scan Speed [mm/s]', 'Hatch Distance [mm]']","['Laser Power [W]' 'Scan Speed [mm/s]' 'Hatch Distance [mm]'
 'Average Interlayertemperature [°C]']"
7,8,1.988990113321383,0.01980605920864331,3.956081670890208,4.535027209438047,5,1,"['Duration [s]', 'Average Interlayertemperature [°C]', 'Laser Power [W]', 'Scan Speed [mm/s]', 'Hatch Distance [mm]']",['Scan Speed [mm/s]']
8,9,0.21548817646584723,0.0015267906137391664,0.04643515419657611,1.6833139624522062,5,3,"['Duration [s]', 'Average Interlayertemperature [°C]', 'Laser Power [W]', 'Scan Speed [mm/s]', 'Hatch Distance [mm]']",['Laser Power [W]' 'Hatch Distance [mm]' 'Scan Speed [mm/s]']
9,10,0.8719777206362902,0.005521134599801131,0.7603451452860601,1.598259629281485,5,3,"['Duration [s]', 'Average Interlayertemperature [°C]', 'Laser Power [W]', 'Scan Speed [mm/s]', 'Hatch Distance [mm]']",['Scan Speed [mm/s]' 'Laser Power [W]' 'Hatch Distance [mm]']
10,11,0.7196389732752209,0.004325495278253293,0.517880251856614,0.9803504462151535,5,5,"['Duration [s]', 'Average Interlayertemperature [°C]', 'Laser Power [W]', 'Scan Speed [mm/s]', 'Hatch Distance [mm]']","['Scan Speed [mm/s]' 'Laser Power [W]' 'Hatch Distance [mm]'
 'Duration [s]' 'Average Interlayertemperature [°C]']"
11,12,5.847031785866805,0.029047220909169315,34.187780704936756,0.5695817919293847,5,4,"['Duration [s]', 'Average Interlayertemperature [°C]', 'Laser Power [W]', 'Scan Speed [mm/s]', 'Hatch Distance [mm]']","['Laser Power [W]' 'Duration [s]' 'Scan Speed [mm/s]'
 'Hatch Distance [mm]']"
12,13,0.7278521608855141,0.0039285912949066325,0.5297687681057123,1.695047215212902,5,5,"['Duration [s]', 'Average Interlayertemperature [°C]', 'Laser Power [W]', 'Scan Speed [mm/s]', 'Hatch Distance [mm]']","['Laser Power [W]' 'Scan Speed [mm/s]' 'Duration [s]'
 'Average Interlayertemperature [°C]' 'Hatch Distance [mm]']"
13,14,5.988719811340201,0.028421320490694825,35.86476497873861,0.8092642113024902,5,4,"['Duration [s]', 'Average Interlayertemperature [°C]', 'Laser Power [W]', 'Scan Speed [mm/s]', 'Hatch Distance [mm]']","['Laser Power [W]' 'Average Interlayertemperature [°C]'
 'Scan Speed [mm/s]' 'Duration [s]']"
14,15,0.941046308332398,0.005078174900850046,0.8855681544260346,1.688401751779668,5,5,"['Duration [s]', 'Average Interlayertemperature [°C]', 'Laser Power [W]', 'Scan Speed [mm/s]', 'Hatch Distance [mm]']","['Hatch Distance [mm]' 'Scan Speed [mm/s]' 'Laser Power [W]'
 'Average Interlayertemperature [°C]' 'Duration [s]']"
15,16,2.0142367875705607,0.010720118970269577,4.057149836402572,0.7147974469265916,5,3,"['Duration [s]', 'Average Interlayertemperature [°C]', 'Laser Power [W]', 'Scan Speed [mm/s]', 'Hatch Distance [mm]']",['Laser Power [W]' 'Scan Speed [mm/s]' 'Hatch Distance [mm]']
16,17,0.426720316258414,0.0023944585860385865,0.18209022830768085,1.2306653266678036,5,4,"['Duration [s]', 'Average Interlayertemperature [°C]', 'Laser Power [W]', 'Scan Speed [mm/s]', 'Hatch Distance [mm]']","['Scan Speed [mm/s]' 'Laser Power [W]' 'Duration [s]'
 'Hatch Distance [mm]']"
17,18,4.9213898316914175,0.03451481453475735,24.220077875475678,3.7247301746550163,5,1,"['Duration [s]', 'Average Interlayertemperature [°C]', 'Laser Power [W]', 'Scan Speed [mm/s]', 'Hatch Distance [mm]']",['Laser Power [W]']
18,19,2.1550988932386472,0.009921067573125523,4.644451239638442,0.9174371888486934,5,4,"['Duration [s]', 'Average Interlayertemperature [°C]', 'Laser Power [W]', 'Scan Speed [mm/s]', 'Hatch Distance [mm]']","['Average Interlayertemperature [°C]' 'Laser Power [W]'
 'Hatch Distance [mm]' 'Scan Speed [mm/s]']"
19,20,7.788081573066373,0.04079838254371881,60.654214588736,2.251655715446456,5,2,"['Duration [s]', 'Average Interlayertemperature [°C]', 'Laser Power [W]', 'Scan Speed [mm/s]', 'Hatch Distance [mm]']",['Laser Power [W]' 'Scan Speed [mm/s]']
20,21,1.9750295404032354,0.01637034034293534,3.9007416854654156,4.297009378472309,5,2,"['Duration [s]', 'Average Interlayertemperature [°C]', 'Laser Power [W]', 'Scan Speed [mm/s]', 'Hatch Distance [mm]']",['Scan Speed [mm/s]' 'Duration [s]']
21,22,0.656452253039487,0.0032232663147087714,0.43092956052061865,1.1093350095076475,5,4,"['Duration [s]', 'Average Interlayertemperature [°C]', 'Laser Power [W]', 'Scan Speed [mm/s]', 'Hatch Distance [mm]']","['Laser Power [W]' 'Hatch Distance [mm]' 'Scan Speed [mm/s]'
 'Duration [s]']"
22,23,0.39059230005913576,0.0035773012631467485,0.15256234486548595,4.345649796435551,5,2,"['Duration [s]', 'Average Interlayertemperature [°C]', 'Laser Power [W]', 'Scan Speed [mm/s]', 'Hatch Distance [mm]']",['Scan Speed [mm/s]' 'Laser Power [W]']
23,24,3.773936923920532,0.020456518909535683,14.242599905730769,4.128904267554629,5,1,"['Duration [s]', 'Average Interlayertemperature [°C]', 'Laser Power [W]', 'Scan Speed [mm/s]', 'Hatch Distance [mm]']",['Laser Power [W]']
24,25,0.6972881778179558,0.003964448914888481,0.48621080292468516,1.290029534600287,5,5,"['Duration [s]', 'Average Interlayertemperature [°C]', 'Laser Power [W]', 'Scan Speed [mm/s]', 'Hatch Distance [mm]']","['Laser Power [W]' 'Hatch Distance [mm]'
 'Average Interlayertemperature [°C]' 'Scan Speed [mm/s]' 'Duration [s]']"
25,26,1.2091653061500627,0.007653700838310664,1.4620807375969749,4.113292408305594,5,2,"['Duration [s]', 'Average Interlayertemperature [°C]', 'Laser Power [W]', 'Scan Speed [mm/s]', 'Hatch Distance [mm]']",['Hatch Distance [mm]' 'Laser Power [W]']
26,27,3.104485004089222,0.015600284972906987,9.637827140614856,2.020361707647758,5,5,"['Duration [s]', 'Average Interlayertemperature [°C]', 'Laser Power [W]', 'Scan Speed [mm/s]', 'Hatch Distance [mm]']","['Duration [s]' 'Hatch Distance [mm]' 'Scan Speed [mm/s]'
 'Laser Power [W]' 'Average Interlayertemperature [°C]']"
27,28,3.4101294639267534,0.029554342756663795,11.628982960741366,4.293896185870921,5,1,"['Duration [s]', 'Average Interlayertemperature [°C]', 'Laser Power [W]', 'Scan Speed [mm/s]', 'Hatch Distance [mm]']",['Laser Power [W]']
28,29,2.463922469318334,0.022562342430640876,6.070913934811757,4.576937426231565,5,1,"['Duration [s]', 'Average Interlayertemperature [°C]', 'Laser Power [W]', 'Scan Speed [mm/s]', 'Hatch Distance [mm]']",['Laser Power [W]']
29,30,0.5837050313899068,0.003342653413081093,0.3407115636698921,1.601425518860013,5,3,"['Duration [s]', 'Average Interlayertemperature [°C]', 'Laser Power [W]', 'Scan Speed [mm/s]', 'Hatch Distance [mm]']",['Laser Power [W]' 'Hatch Distance [mm]' 'Scan Speed [mm/s]']
30,31,1.8940990465234844,0.011860453250770935,3.5876111980411722,4.769497362019395,5,1,"['Duration [s]', 'Average Interlayertemperature [°C]', 'Laser Power [W]', 'Scan Speed [mm/s]', 'Hatch Distance [mm]']",['Duration [s]']
31,32,8.450885605527336,0.0472362694647045,71.41746751770914,0.7379289458165206,5,5,"['Duration [s]', 'Average Interlayertemperature [°C]', 'Laser Power [W]', 'Scan Speed [mm/s]', 'Hatch Distance [mm]']","['Laser Power [W]' 'Scan Speed [mm/s]'
 'Average Interlayertemperature [°C]' 'Hatch Distance [mm]' 'Duration [s]']"
32,33,X,X,X,X,5,0,"['Duration [s]', 'Average Interlayertemperature [°C]', 'Laser Power [W]', 'Scan Speed [mm/s]', 'Hatch Distance [mm]']",X
33,34,1.251851785671091,0.008134357093754475,1.5671328932878987,1.7913183952003648,5,5,"['Duration [s]', 'Average Interlayertemperature [°C]', 'Laser Power [W]', 'Scan Speed [mm/s]', 'Hatch Distance [mm]']","['Scan Speed [mm/s]' 'Laser Power [W]' 'Hatch Distance [mm]'
 'Duration [s]' 'Average Interlayertemperature [°C]']"
34,35,0.67454222646016,0.0038090321484402934,0.4550072152778299,0.8292993478642569,5,3,"['Duration [s]', 'Average Interlayertemperature [°C]', 'Laser Power [W]', 'Scan Speed [mm/s]', 'Hatch Distance [mm]']",['Hatch Distance [mm]' 'Scan Speed [mm/s]' 'Laser Power [W]']
35,36,4.679738348539776,0.021886823451893377,21.899951010793792,1.484594257418064,5,4,"['Duration [s]', 'Average Interlayertemperature [°C]', 'Laser Power [W]', 'Scan Speed [mm/s]', 'Hatch Distance [mm]']","['Laser Power [W]' 'Hatch Distance [mm]' 'Scan Speed [mm/s]'
 'Average Interlayertemperature [°C]']"
36,37,3.7720203642998316,0.02014686038597011,14.228137628692632,1.137008209536031,5,3,"['Duration [s]', 'Average Interlayertemperature [°C]', 'Laser Power [W]', 'Scan Speed [mm/s]', 'Hatch Distance [mm]']","['Laser Power [W]' 'Average Interlayertemperature [°C]'
 'Scan Speed [mm/s]']"
37,38,5.811935356558231,0.03129746161096594,33.77859258881165,1.1360673416239258,5,3,"['Duration [s]', 'Average Interlayertemperature [°C]', 'Laser Power [W]', 'Scan Speed [mm/s]', 'Hatch Distance [mm]']",['Laser Power [W]' 'Scan Speed [mm/s]' 'Hatch Distance [mm]']
38,39,1.0847530422510614,0.005039550255599832,1.1766891626729332,2.042346165886343,5,3,"['Duration [s]', 'Average Interlayertemperature [°C]', 'Laser Power [W]', 'Scan Speed [mm/s]', 'Hatch Distance [mm]']","['Laser Power [W]' 'Scan Speed [mm/s]'
 'Average Interlayertemperature [°C]']"
39,40,3.679075722462431,0.025515438038464747,13.535598171612458,4.071951815526407,5,2,"['Duration [s]', 'Average Interlayertemperature [°C]', 'Laser Power [W]', 'Scan Speed [mm/s]', 'Hatch Distance [mm]']",['Laser Power [W]' 'Hatch Distance [mm]']
40,41,0.389207720226347,0.002930204031971899,0.1514826494837904,1.9358952518052912,5,3,"['Duration [s]', 'Average Interlayertemperature [°C]', 'Laser Power [W]', 'Scan Speed [mm/s]', 'Hatch Distance [mm]']","['Laser Power [W]' 'Hatch Distance [mm]'
 'Average Interlayertemperature [°C]']"
41,42,2.7921943736357098,0.01601285425430264,7.796349420162913,1.6924957213541152,5,5,"['Duration [s]', 'Average Interlayertemperature [°C]', 'Laser Power [W]', 'Scan Speed [mm/s]', 'Hatch Distance [mm]']","['Laser Power [W]' 'Scan Speed [mm/s]' 'Hatch Distance [mm]'
 'Duration [s]' 'Average Interlayertemperature [°C]']"
42,43,0.7924481114058607,0.005615554288832532,0.6279740092707153,1.7796563861390577,5,5,"['Duration [s]', 'Average Interlayertemperature [°C]', 'Laser Power [W]', 'Scan Speed [mm/s]', 'Hatch Distance [mm]']","['Laser Power [W]' 'Scan Speed [mm/s]' 'Hatch Distance [mm]'
 'Average Interlayertemperature [°C]' 'Duration [s]']"
43,44,3.026611575383917,0.023977134422295078,9.160377628247916,4.752179483393742,5,2,"['Duration [s]', 'Average Interlayertemperature [°C]', 'Laser Power [W]', 'Scan Speed [mm/s]', 'Hatch Distance [mm]']",['Laser Power [W]' 'Hatch Distance [mm]']
44,45,3.3967586210236425,0.019079336663560813,11.537969129498437,0.8665143971799644,5,3,"['Duration [s]', 'Average Interlayertemperature [°C]', 'Laser Power [W]', 'Scan Speed [mm/s]', 'Hatch Distance [mm]']",['Laser Power [W]' 'Duration [s]' 'Average Interlayertemperature [°C]']
45,46,1.3316003681573487,0.005893396152018821,1.7731595404767866,1.1954273576225045,5,5,"['Duration [s]', 'Average Interlayertemperature [°C]', 'Laser Power [W]', 'Scan Speed [mm/s]', 'Hatch Distance [mm]']","['Laser Power [W]' 'Hatch Distance [mm]'
 'Average Interlayertemperature [°C]' 'Duration [s]' 'Scan Speed [mm/s]']"
46,47,0.45321652826268033,0.0024620897856133792,0.20540522149047694,1.1336934280674194,5,4,"['Duration [s]', 'Average Interlayertemperature [°C]', 'Laser Power [W]', 'Scan Speed [mm/s]', 'Hatch Distance [mm]']","['Laser Power [W]' 'Hatch Distance [mm]' 'Scan Speed [mm/s]'
 'Average Interlayertemperature [°C]']"
47,48,0.48790258570877076,0.002774843450294082,0.23804893314130438,1.3807610107073889,5,4,"['Duration [s]', 'Average Interlayertemperature [°C]', 'Laser Power [W]', 'Scan Speed [mm/s]', 'Hatch Distance [mm]']","['Laser Power [W]' 'Hatch Distance [mm]' 'Duration [s]'
 'Scan Speed [mm/s]']"
48,49,0.6334935649956944,0.004418524615908173,0.4013140968909541,1.4557608947611604,5,3,"['Duration [s]', 'Average Interlayertemperature [°C]', 'Laser Power [W]', 'Scan Speed [mm/s]', 'Hatch Distance [mm]']","['Laser Power [W]' 'Average Interlayertemperature [°C]'
 'Hatch Distance [mm]']"
49,50,1.3991442468946793,0.009683615267747121,1.9576046236184796,0.8478174443944544,5,5,"['Duration [s]', 'Average Interlayertemperature [°C]', 'Laser Power [W]', 'Scan Speed [mm/s]', 'Hatch Distance [mm]']","['Laser Power [W]' 'Hatch Distance [mm]' 'Duration [s]'
 'Average Interlayertemperature [°C]' 'Scan Speed [mm/s]']"
50,51,0.9186922208621474,0.00602556881490866,0.8439953966726246,1.340311485416758,5,4,"['Duration [s]', 'Average Interlayertemperature [°C]', 'Laser Power [W]', 'Scan Speed [mm/s]', 'Hatch Distance [mm]']","['Laser Power [W]' 'Scan Speed [mm/s]' 'Hatch Distance [mm]'
 'Average Interlayertemperature [°C]']"
51,52,3.185854373843228,0.017528061897032595,10.149668091336027,0.9117378926793791,5,2,"['Duration [s]', 'Average Interlayertemperature [°C]', 'Laser Power [W]', 'Scan Speed [mm/s]', 'Hatch Distance [mm]']",['Laser Power [W]' 'Average Interlayertemperature [°C]']
52,53,3.035261832648803,0.021428267048019298,9.21281439273457,4.503467973441612,5,1,"['Duration [s]', 'Average Interlayertemperature [°C]', 'Laser Power [W]', 'Scan Speed [mm/s]', 'Hatch Distance [mm]']",['Laser Power [W]']
53,54,0.5481341073031151,0.003845580396577814,0.30045099958898286,1.4778634505023158,5,4,"['Duration [s]', 'Average Interlayertemperature [°C]', 'Laser Power [W]', 'Scan Speed [mm/s]', 'Hatch Distance [mm]']","['Laser Power [W]' 'Hatch Distance [mm]' 'Scan Speed [mm/s]'
 'Duration [s]']"
54,55,0.8148548193161367,0.00527225062064516,0.6639883765627338,1.6956326192748161,5,3,"['Duration [s]', 'Average Interlayertemperature [°C]', 'Laser Power [W]', 'Scan Speed [mm/s]', 'Hatch Distance [mm]']",['Duration [s]' 'Laser Power [W]' 'Average Interlayertemperature [°C]']
55,56,X,X,X,X,5,0,"['Duration [s]', 'Average Interlayertemperature [°C]', 'Laser Power [W]', 'Scan Speed [mm/s]', 'Hatch Distance [mm]']",X
56,57,0.6265229892402159,0.004126736949167065,0.39253105604649563,1.126920192549571,5,5,"['Duration [s]', 'Average Interlayertemperature [°C]', 'Laser Power [W]', 'Scan Speed [mm/s]', 'Hatch Distance [mm]']","['Laser Power [W]' 'Duration [s]' 'Hatch Distance [mm]'
 'Scan Speed [mm/s]' 'Average Interlayertemperature [°C]']"
57,58,2.56531624093622,0.014672271785164077,6.580847416011139,4.037842817486231,5,2,"['Duration [s]', 'Average Interlayertemperature [°C]', 'Laser Power [W]', 'Scan Speed [mm/s]', 'Hatch Distance [mm]']",['Laser Power [W]' 'Scan Speed [mm/s]']
58,59,4.0620224633037365,0.021716242577208143,16.500026492384155,0.9888220032731805,5,2,"['Duration [s]', 'Average Interlayertemperature [°C]', 'Laser Power [W]', 'Scan Speed [mm/s]', 'Hatch Distance [mm]']",['Laser Power [W]' 'Average Interlayertemperature [°C]']
59,60,4.193192397523356,0.020615799741444677,17.582862482647673,1.6925824487706542,5,5,"['Duration [s]', 'Average Interlayertemperature [°C]', 'Laser Power [W]', 'Scan Speed [mm/s]', 'Hatch Distance [mm]']","['Laser Power [W]' 'Hatch Distance [mm]' 'Scan Speed [mm/s]'
 'Duration [s]' 'Average Interlayertemperature [°C]']"
60,61,0.332103391941249,0.002351955446063574,0.11029266293888283,1.5433378791416836,5,5,"['Duration [s]', 'Average Interlayertemperature [°C]', 'Laser Power [W]', 'Scan Speed [mm/s]', 'Hatch Distance [mm]']","['Laser Power [W]' 'Scan Speed [mm/s]' 'Hatch Distance [mm]'
 'Duration [s]' 'Average Interlayertemperature [°C]']"
61,62,0.9502259311246458,0.005770003735350037,0.9029293201817001,0.7403278310827829,5,5,"['Duration [s]', 'Average Interlayertemperature [°C]', 'Laser Power [W]', 'Scan Speed [mm/s]', 'Hatch Distance [mm]']","['Laser Power [W]' 'Scan Speed [mm/s]' 'Hatch Distance [mm]'
 'Average Interlayertemperature [°C]' 'Duration [s]']"
62,63,3.3202655306989124,0.01772083556616766,11.024163194347329,1.1252919829350079,5,3,"['Duration [s]', 'Average Interlayertemperature [°C]', 'Laser Power [W]', 'Scan Speed [mm/s]', 'Hatch Distance [mm]']",['Laser Power [W]' 'Scan Speed [mm/s]' 'Hatch Distance [mm]']
63,64,1.9843417963923817,0.019515064157195006,3.9376123649097448,4.481101698199039,5,2,"['Duration [s]', 'Average Interlayertemperature [°C]', 'Laser Power [W]', 'Scan Speed [mm/s]', 'Hatch Distance [mm]']",['Laser Power [W]' 'Scan Speed [mm/s]']
64,65,1.4179904255907199,0.0071492519490845815,2.010696847066951,1.464423410398124,5,3,"['Duration [s]', 'Average Interlayertemperature [°C]', 'Laser Power [W]', 'Scan Speed [mm/s]', 'Hatch Distance [mm]']","['Average Interlayertemperature [°C]' 'Laser Power [W]'
 'Scan Speed [mm/s]']"
65,66,0.3447153725635893,0.002321458849426609,0.11882868808165417,1.4514968494187925,5,5,"['Duration [s]', 'Average Interlayertemperature [°C]', 'Laser Power [W]', 'Scan Speed [mm/s]', 'Hatch Distance [mm]']","['Scan Speed [mm/s]' 'Hatch Distance [mm]' 'Laser Power [W]'
 'Average Interlayertemperature [°C]' 'Duration [s]']"
66,67,0.34133392319435885,0.0024771815760112194,0.11650884712325245,2.2931733301039574,5,4,"['Duration [s]', 'Average Interlayertemperature [°C]', 'Laser Power [W]', 'Scan Speed [mm/s]', 'Hatch Distance [mm]']","['Laser Power [W]' 'Average Interlayertemperature [°C]' 'Duration [s]'
 'Hatch Distance [mm]']"
67,68,1.3544770259537962,0.010508112242953354,1.8346080138366405,1.8646498382250691,5,4,"['Duration [s]', 'Average Interlayertemperature [°C]', 'Laser Power [W]', 'Scan Speed [mm/s]', 'Hatch Distance [mm]']","['Laser Power [W]' 'Hatch Distance [mm]'
 'Average Interlayertemperature [°C]' 'Scan Speed [mm/s]']"
68,69,4.021396755837866,0.020841376623328016,16.17163186786332,0.9204899062578985,5,4,"['Duration [s]', 'Average Interlayertemperature [°C]', 'Laser Power [W]', 'Scan Speed [mm/s]', 'Hatch Distance [mm]']","['Laser Power [W]' 'Scan Speed [mm/s]' 'Hatch Distance [mm]'
 'Duration [s]']"
69,70,1.5078656244092696,0.0075574479499959605,2.2736587412751565,0.8908024886474317,5,2,"['Duration [s]', 'Average Interlayertemperature [°C]', 'Laser Power [W]', 'Scan Speed [mm/s]', 'Hatch Distance [mm]']",['Laser Power [W]' 'Average Interlayertemperature [°C]']
70,71,5.470927901568206,0.027914253595232398,29.9310521041575,0.7529541229413164,5,4,"['Duration [s]', 'Average Interlayertemperature [°C]', 'Laser Power [W]', 'Scan Speed [mm/s]', 'Hatch Distance [mm]']","['Laser Power [W]' 'Duration [s]' 'Average Interlayertemperature [°C]'
 'Scan Speed [mm/s]']"
71,72,7.373857107122398,0.04512693690783154,54.373768636259506,1.7334053075783793,5,4,"['Duration [s]', 'Average Interlayertemperature [°C]', 'Laser Power [W]', 'Scan Speed [mm/s]', 'Hatch Distance [mm]']","['Laser Power [W]' 'Average Interlayertemperature [°C]'
 'Hatch Distance [mm]' 'Scan Speed [mm/s]']"
72,73,2.711422576004715,0.016928056449362006,7.351812385668044,4.130862280566077,5,1,"['Duration [s]', 'Average Interlayertemperature [°C]', 'Laser Power [W]', 'Scan Speed [mm/s]', 'Hatch Distance [mm]']",['Laser Power [W]']
73,74,1.9512820396201753,0.01919031000091884,3.8075015981442717,4.3408186042569765,5,1,"['Duration [s]', 'Average Interlayertemperature [°C]', 'Laser Power [W]', 'Scan Speed [mm/s]', 'Hatch Distance [mm]']",['Laser Power [W]']
74,75,X,X,X,X,5,0,"['Duration [s]', 'Average Interlayertemperature [°C]', 'Laser Power [W]', 'Scan Speed [mm/s]', 'Hatch Distance [mm]']",X
75,76,1.3715322272745458,0.007524079167658185,1.8811006504526766,1.3852215824903564,5,3,"['Duration [s]', 'Average Interlayertemperature [°C]', 'Laser Power [W]', 'Scan Speed [mm/s]', 'Hatch Distance [mm]']",['Scan Speed [mm/s]' 'Laser Power [W]' 'Hatch Distance [mm]']
76,77,1.1386700967036572,0.009194159283032771,1.2965695891271158,0.7057995852827776,5,5,"['Duration [s]', 'Average Interlayertemperature [°C]', 'Laser Power [W]', 'Scan Speed [mm/s]', 'Hatch Distance [mm]']","['Laser Power [W]' 'Scan Speed [mm/s]' 'Duration [s]'
 'Hatch Distance [mm]' 'Average Interlayertemperature [°C]']"
77,78,2.51506277667203,0.013716494275448849,6.325540770601223,1.4041038399854946,5,4,"['Duration [s]', 'Average Interlayertemperature [°C]', 'Laser Power [W]', 'Scan Speed [mm/s]', 'Hatch Distance [mm]']","['Laser Power [W]' 'Average Interlayertemperature [°C]'
 'Scan Speed [mm/s]' 'Hatch Distance [mm]']"
78,79,1.0666113284793324,0.0060340252396925195,1.1376597260404462,1.0780378307629526,5,4,"['Duration [s]', 'Average Interlayertemperature [°C]', 'Laser Power [W]', 'Scan Speed [mm/s]', 'Hatch Distance [mm]']","['Scan Speed [mm/s]' 'Laser Power [W]' 'Hatch Distance [mm]'
 'Average Interlayertemperature [°C]']"
79,80,0.8907205126012504,0.0040944323536382075,0.7933830315686343,1.324323446394515,5,4,"['Duration [s]', 'Average Interlayertemperature [°C]', 'Laser Power [W]', 'Scan Speed [mm/s]', 'Hatch Distance [mm]']","['Laser Power [W]' 'Scan Speed [mm/s]' 'Duration [s]'
 'Hatch Distance [mm]']"
80,81,3.543909264916998,0.02336989624890258,12.559292877964536,0.4096885569125782,5,4,"['Duration [s]', 'Average Interlayertemperature [°C]', 'Laser Power [W]', 'Scan Speed [mm/s]', 'Hatch Distance [mm]']","['Laser Power [W]' 'Duration [s]' 'Scan Speed [mm/s]'
 'Average Interlayertemperature [°C]']"
81,82,0.65212596860164,0.00421347563666486,0.42526827892462704,1.3547938384029892,5,4,"['Duration [s]', 'Average Interlayertemperature [°C]', 'Laser Power [W]', 'Scan Speed [mm/s]', 'Hatch Distance [mm]']","['Laser Power [W]' 'Scan Speed [mm/s]' 'Hatch Distance [mm]'
 'Average Interlayertemperature [°C]']"
82,83,3.251093541014823,0.016794215872868782,10.5696092124283,4.141907469443458,5,1,"['Duration [s]', 'Average Interlayertemperature [°C]', 'Laser Power [W]', 'Scan Speed [mm/s]', 'Hatch Distance [mm]']",['Laser Power [W]']
83,84,X,X,X,X,5,0,"['Duration [s]', 'Average Interlayertemperature [°C]', 'Laser Power [W]', 'Scan Speed [mm/s]', 'Hatch Distance [mm]']",X
84,85,2.1399009923944075,0.011778718392420796,4.57917625725057,1.2546462039579733,5,4,"['Duration [s]', 'Average Interlayertemperature [°C]', 'Laser Power [W]', 'Scan Speed [mm/s]', 'Hatch Distance [mm]']","['Laser Power [W]' 'Scan Speed [mm/s]' 'Hatch Distance [mm]'
 'Average Interlayertemperature [°C]']"
85,86,2.8157913251324227,0.025020461742367772,7.928680786691004,4.607504591761317,5,2,"['Duration [s]', 'Average Interlayertemperature [°C]', 'Laser Power [W]', 'Scan Speed [mm/s]', 'Hatch Distance [mm]']",['Laser Power [W]' 'Scan Speed [mm/s]']
86,87,0.6300996470008235,0.005057152674477027,0.3970255651505624,4.6243573839130905,5,1,"['Duration [s]', 'Average Interlayertemperature [°C]', 'Laser Power [W]', 'Scan Speed [mm/s]', 'Hatch Distance [mm]']",['Laser Power [W]']
87,88,1.724949660295807,0.01026146041294525,2.97545133055462,1.7133750306035318,5,4,"['Duration [s]', 'Average Interlayertemperature [°C]', 'Laser Power [W]', 'Scan Speed [mm/s]', 'Hatch Distance [mm]']","['Laser Power [W]' 'Scan Speed [mm/s]' 'Hatch Distance [mm]'
 'Average Interlayertemperature [°C]']"
88,89,4.430671798518471,0.025353869997535937,19.6308525861869,0.719271180436451,5,4,"['Duration [s]', 'Average Interlayertemperature [°C]', 'Laser Power [W]', 'Scan Speed [mm/s]', 'Hatch Distance [mm]']","['Average Interlayertemperature [°C]' 'Duration [s]' 'Hatch Distance [mm]'
 'Laser Power [W]']"
89,90,0.5675948561393749,0.003602325778985155,0.3221639207158776,1.2120834131511333,5,5,"['Duration [s]', 'Average Interlayertemperature [°C]', 'Laser Power [W]', 'Scan Speed [mm/s]', 'Hatch Distance [mm]']","['Laser Power [W]' 'Average Interlayertemperature [°C]'
 'Scan Speed [mm/s]' 'Duration [s]' 'Hatch Distance [mm]']"
90,91,3.5864874194698735,0.018315349769686004,12.862892010015672,2.674214409930669,5,2,"['Duration [s]', 'Average Interlayertemperature [°C]', 'Laser Power [W]', 'Scan Speed [mm/s]', 'Hatch Distance [mm]']",['Laser Power [W]' 'Scan Speed [mm/s]']
91,92,4.736294885160311,0.018228385379098475,22.432489239195725,0.8867874906842955,5,4,"['Duration [s]', 'Average Interlayertemperature [°C]', 'Laser Power [W]', 'Scan Speed [mm/s]', 'Hatch Distance [mm]']","['Laser Power [W]' 'Average Interlayertemperature [°C]'
 'Scan Speed [mm/s]' 'Hatch Distance [mm]']"
92,93,2.548148047092877,0.013069760726018854,6.493058469903243,1.18629912220911,5,5,"['Duration [s]', 'Average Interlayertemperature [°C]', 'Laser Power [W]', 'Scan Speed [mm/s]', 'Hatch Distance [mm]']","['Laser Power [W]' 'Hatch Distance [mm]' 'Scan Speed [mm/s]'
 'Average Interlayertemperature [°C]' 'Duration [s]']"
93,94,X,X,X,X,5,0,"['Duration [s]', 'Average Interlayertemperature [°C]', 'Laser Power [W]', 'Scan Speed [mm/s]', 'Hatch Distance [mm]']",X
94,95,X,X,X,X,5,0,"['Duration [s]', 'Average Interlayertemperature [°C]', 'Laser Power [W]', 'Scan Speed [mm/s]', 'Hatch Distance [mm]']",X
95,96,0.4777796911983796,0.0035901393216794535,0.22827343332161895,1.6810136265725901,5,3,"['Duration [s]', 'Average Interlayertemperature [°C]', 'Laser Power [W]', 'Scan Speed [mm/s]', 'Hatch Distance [mm]']","['Average Interlayertemperature [°C]' 'Laser Power [W]'
 'Hatch Distance [mm]']"
96,97,0.8305862727655082,0.007420305709499181,0.6898735565064993,1.671946217327434,5,3,"['Duration [s]', 'Average Interlayertemperature [°C]', 'Laser Power [W]', 'Scan Speed [mm/s]', 'Hatch Distance [mm]']","['Laser Power [W]' 'Scan Speed [mm/s]'
 'Average Interlayertemperature [°C]']"
97,98,0.8186366170050147,0.0053447263000801016,0.6701659107014151,1.742734292775769,5,3,"['Duration [s]', 'Average Interlayertemperature [°C]', 'Laser Power [W]', 'Scan Speed [mm/s]', 'Hatch Distance [mm]']",['Laser Power [W]' 'Duration [s]' 'Hatch Distance [mm]']
98,99,2.0363989680041885,0.02034649181682345,4.146920756888523,4.519115018443836,5,2,"['Duration [s]', 'Average Interlayertemperature [°C]', 'Laser Power [W]', 'Scan Speed [mm/s]', 'Hatch Distance [mm]']",['Scan Speed [mm/s]' 'Hatch Distance [mm]']
99,100,X,X,X,X,5,0,"['Duration [s]', 'Average Interlayertemperature [°C]', 'Laser Power [W]', 'Scan Speed [mm/s]', 'Hatch Distance [mm]']",X
